{"stats":{"minecraft:crafted":{"nuclearscience:turbine":3,"nuclearscience:radioisotopegenerator":2,"minecraft:iron_ingot":4},"minecraft:mined":{"minecraft:glass_pane":1,"minecraft:ladder":1,"minecraft:stone_button":1,"minecraft:glass":1,"minecraft:sandstone":149,"minecraft:orange_concrete":2},"minecraft:dropped":{"minecraft:command_block":1,"minecraft:ladder":1},"minecraft:picked_up":{"electrodynamics:platesteel":189,"minecraft:crafting_table":1,"minecraft:ladder":2,"nuclearscience:radioisotopegenerator":1,"nuclearscience:hazmatboots":3,"minecraft:blue_concrete":1,"electrodynamics:plateiron":316,"electrodynamics:circuitadvanced":190,"nuclearscience:cellempty":127,"nuclearscience:fuelleuo2":5,"minecraft:orange_concrete":2,"minecraft:item_frame":1,"electrodynamics:motor":63,"minecraft:oak_sign":2,"minecraft:iron_ingot":21,"minecraft:chest":1,"minecraft:purple_concrete":1,"minecraft:sandstone":425,"minecraft:yellow_concrete":1,"minecraft:lime_concrete":1,"minecraft:stone_button":4,"nuclearscience:fuelheuo2":3,"minecraft:sea_lantern":1,"electrodynamics:wrench":64,"minecraft:light_gray_concrete":1,"electrodynamics:wireinsulatedsuperconductive":2,"minecraft:command_block":1,"nuclearscience:hazmatplate":4,"nuclearscience:hazmatlegs":4,"nuclearscience:hazmathelmet":4,"nuclearscience:turbine":1,"electrodynamics:platelead":190,"minecraft:red_concrete":1,"minecraft:magenta_concrete":1,"electrodynamics:wiresuperconductive":63,"nuclearscience:uranium238":192},"minecraft:custom":{"minecraft:interact_with_furnace":77,"minecraft:interact_with_crafting_table":14,"minecraft:play_one_minute":239457,"minecraft:leave_game":4,"minecraft:time_since_death":125803,"minecraft:climb_one_cm":6755,"minecraft:time_since_rest":126741,"minecraft:sprint_one_cm":200400,"minecraft:damage_taken":1166,"minecraft:walk_one_cm":536717,"minecraft:drop":2,"minecraft:swim_one_cm":3113,"minecraft:fly_one_cm":982482,"minecraft:open_chest":87,"minecraft:crouch_one_cm":10197,"minecraft:deaths":18,"minecraft:sneak_time":3935,"minecraft:walk_under_water_one_cm":6337,"minecraft:aviate_one_cm":514881,"minecraft:jump":1330,"minecraft:walk_on_water_one_cm":7137,"minecraft:fall_one_cm":2926},"minecraft:used":{"nuclearscience:turbine":61,"minecraft:orange_concrete_powder":3,"electrodynamics:batterybox":2,"minecraft:water_bucket":232,"minecraft:iron_ore":2,"minecraft:orange_concrete":736,"minecraft:red_concrete":418,"minecraft:ladder":8,"minecraft:oak_sign":68,"minecraft:chest":21,"minecraft:sandstone":455,"electrodynamics:wireinsulatedsuperconductive":37,"nuclearscience:reactorcore":14,"mekanism:electric_bow":3,"minecraft:pink_concrete":403,"minecraft:light_blue_concrete":75,"minecraft:crafting_table":6,"minecraft:yellow_concrete":3,"electrodynamics:electricfurnace":5,"minecraft:gray_concrete":2,"minecraft:blue_concrete":3,"mekanism:creative_energy_cube":2,"minecraft:glass":80,"minecraft:lever":1,"minecraft:sea_lantern":47,"minecraft:firework_rocket":56,"minecraft:command_block":8,"minecraft:light_gray_concrete":150,"ballistix:missilesilo":2,"mekanism:structural_glass":4,"minecraft:stone_button":17,"nuclearscience:radioisotopegenerator":2,"minecraft:magenta_concrete":3,"minecraft:item_frame":28,"minecraft:purple_concrete":3,"minecraft:lime_concrete":4,"minecraft:netherite_pickaxe":151,"minecraft:sandstone_slab":21,"minecraft:glass_pane":24,"minecraft:white_concrete":96,"nuclearscience:electromagneticbooster":4,"minecraft:experience_bottle":128}},"DataVersion":2586}